name,address,lat,lon
7017 - 1 Cashmere Street,1 Cashmere St  San Francisco 94124,37.7356,-122.38173
City Hall,1 Dr Carlton B Goodlett Pl  San Francisco 94102,37.77928,-122.41925
9514/22- 1 Irving St,1 Irving St  San Francisco 94122,37.76408,-122.45756
9133 - 1 Loraine Ct,1 Loraine Ct  San Francisco 94118,37.78058,-122.45716
9741 - 1 North State Dr,1 N State Dr  San Francisco 94132,37.72645,-122.48216
9747 - 1 Pico Ave,1 Pico Ave  San Francisco 94127,37.72412,-122.46258
1101 - 1 Sgt John V Young,1 Sergeant John V Young Ln  San Francisco 94112,37.72468,-122.44628
7822 - 100 Collingwood St,100 Collingwood St  San Francisco 94114,37.76028,-122.43642
7837 - 100 Hoffman Avenue,100 Hoffman Ave  San Francisco 94114,37.75317,-122.44108
1112 - 1000 Ocean Avenue (loc 9751),1000 Ocean Ave  San Francisco 94112,37.72349,-122.45288
7942 - 1000 Tompkins Ave - Bldg  A,1000 Tompkins Ave  San Francisco 94110,37.7368,-122.41022
7344 - 1001 Pine St,1001 Pine St  San Francisco 94109,37.79035,-122.41257
7622 - 1010 Mission Street,1010 Mission St  San Francisco 94103,37.78085,-122.40927
7949 - 1010 Silliman St,1010 Silliman St  San Francisco 94134,37.72871,-122.41538
7804 - 1025 14th Street,1025 14th St  San Francisco 94114,37.76696,-122.43637
7512 - 1025 Fillmore Street,1025 Fillmore St  San Francisco 94115,37.77888,-122.43208
7629 - 1028 Howard St (loc 7623),1028 Howard St  San Francisco 94103,37.77947,-122.40792
7509/11 - 1031 Franklin St,1031 Franklin St  San Francisco 94109,37.78427,-122.42302
7529 - 1035 Hayes St,1033 Hayes St  San Francisco 94117,37.77546,-122.43346
7633 - 1035 Folsom St,1035 Folsom St  # 116  San Francisco 94103,37.778,-122.40598
7054 - 1035 Gilman Avenue,1035 Gilman Ave  San Francisco 94124,37.71838,-122.38903
7342 - 1040 Bush Street,1040 Bush St  San Francisco 94109,37.78974,-122.41454
9728 - 105 Aptos Ave,105 Aptos Ave  San Francisco 94127,37.72976,-122.46627
9746 - 105 Aptos Ave (loc 9728),105 Aptos Ave  San Francisco 94127,37.72976,-122.46627
7514 - 1050 Mcallister St,1050 Mcallister St  San Francisco 94115,37.77921,-122.42947
7336 - 1051 Taylor Street,1051 Taylor St  San Francisco 94108,37.79222,-122.41274
7345 - 1051 Taylor Street (loc 7336),1051 Taylor St  San Francisco 94108,37.79222,-122.41274
7552 - 1055 Ashbury St,1055 Ashbury St  San Francisco 94117,37.76369,-122.44674
7601 - 1067 Post St,1067 Post St  San Francisco 94109,37.78663,-122.41932
7346 - 1082 Post St,1082 Post St  San Francisco 94109,37.78712,-122.41954
7312 - 1088 Green Street,1088 Green St  San Francisco 94133,37.79867,-122.41697
7545 - 109 Oak Street,109 Oak St  San Francisco 94102,37.77494,-122.4212
9731 - 1091 Portola Dr,1091 Portola Dr  San Francisco 94127,37.74003,-122.45866
1109 - 1099 Capitol Ave,1099 Capitol Ave  San Francisco 94112,37.72184,-122.45923
7535 - 1099 Masonic Ave,1099 Masonic Ave  San Francisco 94117,37.77126,-122.44592
9101 - 110 Seal Rock Dr,110 Seal Rock Dr  San Francisco 94121,37.78093,-122.50825
7024 - 1101 Fairfax Ave,1101 Fairfax Ave  San Francisco 94124,37.73695,-122.38133
7615 - 111 Jones St,111 Jones St  San Francisco 94102,37.78222,-122.41253
7055 - 1111 8th St,1111 8th St  San Francisco 94107,37.76738,-122.39949
9735 - 112 Robinhood Drive,112 Robinhood Dr  San Francisco 94127,37.73677,-122.45674
7326 - 1135 Powell St,1135 Powell St  San Francisco 94108,37.79521,-122.41023
7325 - 1145 Pacific Avenue,1145 Pacific Ave  San Francisco 94133,37.79584,-122.41405
7554 - 1145 Stanyan St,1145 Stanyan St  San Francisco 94117,37.76349,-122.45261
7627 - 115 Steuart St,115 Steuart St  San Francisco 94105,37.79318,-122.39266
7201 - 1150 Francisco Street,1150 Francisco St  San Francisco 94109,37.80355,-122.42409
9506 - 1150 Scott St,1150 Scott St  San Francisco 94115,37.78039,-122.43687
7857 - 1165 Dolores St,1165 Dolores St  San Francisco 94110,37.75081,-122.42482
7205 - 1166 Filbert St,1166 Filbert St  San Francisco 94109,37.80042,-122.41876
7536 - 1168 Page St,1168 Page St  San Francisco 94117,37.77213,-122.44006
7653 - 1180 4th St,1180 4th St  San Francisco 94158,37.77382,-122.39177
7208 - 1187 Franklin St (loc 7509),1187 Franklin St  San Francisco 94109,37.7852,-122.42341
9518 - 1199 9th Ave (loc 9514),1199 9th Ave  San Francisco 94122,37.76742,-122.47038
7343 - 1199 Bush Street,1199 Bush St  San Francisco 94109,37.78893,-122.41673
7337 - 1199 Mason St,1199 Mason St  San Francisco 94108,37.79414,-122.41155
9433 - 1201 Ortega St,1201 Ortega St  San Francisco 94122,37.75199,-122.47683
7009 - 1215 Carolina St,1215 Carolina St  San Francisco 94107,37.75347,-122.39912
9755 - 122 Hearst Ave,122 Hearst Ave  San Francisco 94131,37.73091,-122.44033
7858 - 1220 Valencia St,1220 Valencia St  San Francisco 94110,37.75323,-122.42111
7308 - 1227 Montgomery St,1227 Montgomery St  San Francisco 94133,37.80048,-122.40454
7873 - 126 Chenery St,124 Chenery St  San Francisco 94131,37.73941,-122.42584
7043 - 1249 Jamestown Ave,1249 Jamestown Ave  San Francisco 94124,37.72089,-122.39828
7624 - 125 6th Street,125 6th St  San Francisco 94103,37.78077,-122.40822
7548 - 1250 Waller St,1250 Waller St  San Francisco 94117,37.76987,-122.44434
9403 - 1259 41st Ave,1259 41st Ave  San Francisco 94122,37.76327,-122.50096
9213 - 1259 Bay Street,1259 Bay St  San Francisco 94123,37.80352,-122.42774
1152 - 1261 Geneva Ave,1261 Geneva Ave  San Francisco 94112,37.71401,-122.43502
7855 - 1270 Sanchez St,1270 Sanchez St  San Francisco 94114,37.74879,-122.42967
7056 - 1275 Minnesota St,1275 Minnesota St  San Francisco 94107,37.75425,-122.38939
7821 - 128 Eureka St,128 Eureka St  San Francisco 94114,37.76015,-122.43844
7508 - 1280 Laguna Street,1280 Laguna St  San Francisco 94115,37.78272,-122.42724
9515 - 1290 16th Avenue,1290 16th Ave  San Francisco 94122,37.76399,-122.47364
9521 - 1290 5th Avenue,1290 5th Ave  San Francisco 94122,37.76441,-122.46181
7033 - 1295 Shafter Ave,1295 Shafter Ave  San Francisco 94124,37.72752,-122.385
9401 - 1296 La Playa St,1296 La Playa St  San Francisco 94122,37.7623,-122.50906
7046 - 1298 Girard St,1298 Girard St  San Francisco 94134,37.71663,-122.4005
9751 - 1298 Ocean Ave,1298 Ocean Ave  San Francisco 94112,37.72415,-122.45626
9201 - 1299 Storey Avenue,1299 Storey Ave  SF-Presidio 94129,37.8038,-122.47331
7556/57 - 130 Carmel St,130 Carmel St  San Francisco 94117,37.76094,-122.4496
7816 - 130 Douglass St,130 Douglass St  San Francisco 94114,37.76166,-122.43978
7874 - 130 Milton St,130 Milton St  San Francisco 94112,37.73279,-122.42949
9738 - 1300 Junipero Serra Blvd,1300 Junipero Serra Blvd  San Francisco 94132,37.71174,-122.47242
7339 - 1300 Polk St,1300 Polk St  San Francisco 94109,37.78889,-122.42014
9408 - 1319 20th Ave,1319 20th Ave  San Francisco 94122,37.76313,-122.4785
9407 - 1325 23rd Avenue,1325 23rd Ave  San Francisco 94122,37.76288,-122.4817
7333 - 1325 Leavenworth Street,1325 Leavenworth St  San Francisco 94109,37.7934,-122.41653
9405 - 1330 29th Ave,1330 29th Ave  San Francisco 94122,37.76248,-122.48751
7209 - 1337 Sutter St,1337 Sutter St  San Francisco 94109,37.78723,-122.42246
7322- 1340 Powell St,1340 Powell St  San Francisco 94133,37.79704,-122.41003
9413 - 1342 41st Ave,1342 41st Ave  San Francisco 94122,37.76171,-122.50042
7628 - 1346 Folsom St,1346 Folsom St  San Francisco 94103,37.77375,-122.41248
9402 - 1348 45th Ave,1348 45th Ave  San Francisco 94122,37.76142,-122.50468
7807 - 135 Sanchez St,135 Sanchez St  San Francisco 94114,37.76709,-122.43075
7335 - 1356 Sacramento St,1356 Sacramento St  San Francisco 94109,37.79232,-122.41527
9517 - 1364 12th Ave,1364 12th Ave  San Francisco 94122,37.76274,-122.46922
7916 - 1387 Valencia Street,1387 Valencia St  San Francisco 94110,37.75089,-122.42024
9516 - 1390 14th Avenue,1390 14th Ave  San Francisco 94122,37.76231,-122.47132
7654 - 1390 Market St,1390 Market St  San Francisco 94102,37.77693,-122.41774
7513 - 1390 1/2 Turk St,1390 Turk St  San Francisco 94115,37.78068,-122.43188
9801 - 1392 Alemany Blvd,1392 Alemany Blvd  San Francisco 94112,37.7296,-122.43403
Joseph Lee Recreation Center,1395 Mendell St  San Francisco 94124,37.73438,-122.38913
9513 - 1399 Mc Allister St,1399 Mcallister St  San Francisco 94115,37.77787,-122.43455
7538 - 141 Scott St,141 Scott St  San Francisco 94117,37.77107,-122.43552
7937 - 1419 Cortland Ave,1419 Cortland Ave  San Francisco 94110,37.73992,-122.41015
7859 - 1421 Diamond St,1421 Diamond St  San Francisco 94131,37.74604,-122.43558
7341 - 1421 Pine Street,1421 Pine St  San Francisco 94109,37.78954,-122.41899
9415 - 1422 23rd Ave,1422 23rd Ave  San Francisco 94122,37.76105,-122.48102
1132 - 143 Pope St,143 Pope St  San Francisco 94112,37.71345,-122.44075
7321 - 1430 Mason St,1430 Mason St  San Francisco 94133,37.79674,-122.41162
9144 - 1437 Cabrillo St,1437 Cabrillo St  San Francisco 94118,37.77465,-122.47424
9701 - 1439 18th Avenue,1439 18th Ave  San Francisco 94122,37.761,-122.47615
7523 - 1443 Grove Street,1443 Grove St  San Francisco 94117,37.77546,-122.44031
7812 - 145 Guerrero Street,145 Guerrero St  San Francisco 94103,37.76902,-122.42376
7314 - 1450 Powell Street,1450 Powell St  San Francisco 94133,37.79802,-122.41005
7324 - 1451 Jackson St,1451 Jackson St  San Francisco 94109,37.79391,-122.41881
7862 - 1456 Church St.,1456 Church St  San Francisco 94131,37.74749,-122.42725
7506 - 1480 Ellis St - (loc 7507),1480 Ellis St  San Francisco 94115,37.78283,-122.4304
7005 - 1490 19th St,1490 19th St  San Francisco 94107,37.76149,-122.39713
7924 - 26th St & Hampshire St,1499 Hampshire St  San Francisco 94110,37.7499,-122.40679
7053 - 150 Executive Park Blvd,150 Executive Park Blvd  San Francisco 94134,37.7111,-122.39332
9745 - 150 Font Blvd,150 Font Blvd  San Francisco 94132,37.7158,-122.47375
7616 - 150 Van Ness Ave,150 Van Ness Ave  San Francisco 94102,37.77733,-122.41915
7619 - 1500 Howard St,1500 Howard St  San Francisco 94103,37.77307,-122.41599
7507 - 1501 O'Farrell St,1501 Ofarrell St  San Francisco 94115,37.78331,-122.42996
7505 -  1501 Post St,1501 Post St  San Francisco 94109,37.7857,-122.42647
7646 - 1505 4th St,1505 4th St  San Francisco 94158,37.76938,-122.39085
7871 - 151 Lippard Ave,151 Lippard Ave  San Francisco 94131,37.73313,-122.43549
7547 -1525 Waller St (loc 7546),1525 Waller St  San Francisco 94117,37.76853,-122.44907
9205 - 1526 Francisco,1526 Francisco St  San Francisco 94123,37.80272,-122.43051
9417 - 1530 43rd Avenue,1530 43rd Ave  San Francisco 94122,37.75818,-122.50222
9705 - 1539 10th Ave,1539 10th Ave  San Francisco 94122,37.7595,-122.4673
9704 - 1541 12th Ave,1541 12th Ave  San Francisco 94122,37.75888,-122.4695
7331 - 155 Jackson Street,155 Jackson St  San Francisco 94111,37.79678,-122.39907
1124 - 155 Sadowa St,155 Sadowa St  San Francisco 94112,37.71213,-122.45767
9503/04 - 1550 Scott St,1550 Scott St  San Francisco 94115,37.78408,-122.43748
9412 - 1558 47th Ave,1558 47th Ave  San Francisco 94122,37.75742,-122.50659
7534 - 1563 Page St,1563 Page St  San Francisco 94117,37.7708,-122.4465
9419 - 1570 31st Ave,1570 31st Ave  San Francisco 94122,37.75767,-122.48927
9414 - 1570 31st Ave (loc 9419),1570 31st Ave  San Francisco 94122,37.75767,-122.48927
9219 - 1570 Greenwich St,1570 Greenwich St  San Francisco 94123,37.80039,-122.42579
7901 - 1575 15th Street,1575 15th St  San Francisco 94103,37.76644,-122.41894
7925 - 1580 Valencia St,1580 Valencia St  San Francisco 94110,37.74675,-122.42056
9422 - 1601 19th Avenue,1601 19th Ave  San Francisco 94122,37.75719,-122.47747
7028 - 1601 Lane St,1601 Lane St  San Francisco 94124,37.73181,-122.38979
9508 - 1601 Turk St,1601 Turk St  San Francisco 94115,37.77975,-122.43606
1143 - 163 London Street,163 London St  San Francisco 94112,37.72639,-122.43208
7315 - 1630 Stockton St,1630 Stockton St  San Francisco 94133,37.80088,-122.40899
7316 - 1630 Stockton St (loc 7315),1630 Stockton St  San Francisco 94133,37.80088,-122.40899
7555 - 165 Grattan St,165 Grattan St  San Francisco 94117,37.76359,-122.4507
7551 - 165 Grattan St (loc 7555),165 Grattan St  San Francisco 94117,37.76359,-122.4507
9225 - 1651 Union St,1651 Union St  San Francisco 94123,37.79781,-122.42611
7037 - 1654 Sunnydale Ave,1654 Sunnydale Ave  San Francisco 94134,37.71265,-122.41826
9748 - 168 Dorado Ter,168 Dorado Ter  San Francisco 94112,37.72695,-122.46192
9505 - 1680 Eddy St,1680 Eddy St  San Francisco 94115,37.78129,-122.43518
9703 - 1689 17th Ave,1689 17th Ave  San Francisco 94122,37.75647,-122.47477
7618 - 170 Otis St,170 Otis St  San Francisco 94103,37.77045,-122.42115
7811 - 170 Valencia St,170 Valencia St  San Francisco 94103,37.77043,-122.42279
7038 - 1701 Visitacion Ave,1701 Visitacion Ave  San Francisco 94134,37.71324,-122.41584
7021 - 1711 Oakdale Ave,1711 Oakdale Ave  San Francisco 94124,37.73563,-122.39261
9409 - 1725 Irving St,1725 Irving St  San Francisco 94122,37.76298,-122.47662
7031 - 1728 Bancroft Ave,1728 Bancroft Ave  San Francisco 94124,37.72665,-122.39438
7611 - 174 Ellis St,174 Ellis St  San Francisco 94102,37.78552,-122.4091
9226 - 1745 Vallejo St,1745 Vallejo St  San Francisco 94123,37.79616,-122.42593
7623 - 175 7th Street,175 7th St  San Francisco 94103,37.77849,-122.40966
7706 - 175 Omar Way,175 Omar Way  San Francisco 94127,37.73884,-122.45022
9427 - 1750 29th Ave,1750 29th Ave  San Francisco 94122,37.75453,-122.48695
9511 - 1750 Mcallister St,1750 Mcallister St  San Francisco 94115,37.77776,-122.4409
7332 - 1751 Sacramento St,1751 Sacramento St  San Francisco 94109,37.79119,-122.42208
7334 - 1751 Sacramento St (loc 7332),1751 Sacramento St  San Francisco 94109,37.79119,-122.42208
7323 - 1755 Clay St,1755 Clay St  San Francisco 94109,37.79206,-122.42217
7938 - 176 Highland Ave,176 Highland Ave  San Francisco 94110,37.73713,-122.42185
7503 - 1760 Bush St,1760 Bush St  San Francisco 94109,37.78823,-122.42629
9248 - 1765 Van Ness Ave,1765 Van Ness Ave  San Francisco 94109,37.79201,-122.42304
9428 - 1770 23rd Ave,1770 23rd Ave  San Francisco 94122,37.75463,-122.48058
9212 - 1800 Chestnut St,1800 Chestnut St  San Francisco 94123,37.80143,-122.43308
7876 - 1800 Market St,1800 Market St  San Francisco 94102,37.77169,-122.42403
7016 - 1800 Oakdale Ave,1800 Oakdale Ave  San Francisco 94124,37.73695,-122.39408
9224 - 1801 Green Street,1801 Green St  San Francisco 94123,37.79681,-122.42905
7305 - 1814 Stockton Street,1814 Stockton St  San Francisco 94133,37.80256,-122.40934
9711 - 1816 Funston Ave,1816 Funston Ave  San Francisco 94116,37.75357,-122.47014
9708 - 1831 8th Ave,1831 8th Ave  San Francisco 94122,37.75412,-122.4648
7533 - 1833 Page St,1833 Page St  San Francisco 94117,37.77016,-122.45101
7502- 1840 Sutter Street,1840 Sutter St  # A  San Francisco 94115,37.78666,-122.43089
7959 - 1850 Mission St,1850 Mission St  San Francisco 94103,37.7674,-122.42031
9432 - 1851 Noriega St,1851 Noriega St  San Francisco 94122,37.75365,-122.48383
7519 - 1854 Grove St,1854 Grove St  San Francisco 94117,37.77503,-122.44729
7902 - 1855 Folsom St,1855 Folsom St  San Francisco 94103,37.76734,-122.41505
7302 - 1855 Kearny Street,1855 Kearny St  # A  San Francisco 94133,37.80502,-122.40713
9426 - 1859 34th Ave,1859 34th Ave  San Francisco 94122,37.75242,-122.49269
7518 - 1860 Hayes St,1860 Hayes St  San Francisco 94117,37.77407,-122.44712
9203 - 1867 Jefferson St,1867 Jefferson St  San Francisco 94123,37.80452,-122.44315
9709 - 1877 17th Ave,1877 17th Ave  San Francisco 94122,37.75289,-122.47465
7207 - 1880 Pine St,1880 Pine St  San Francisco 94109,37.78912,-122.42664
7019 - 1887 Palou Ave,1887 Palou Ave  San Francisco 94124,37.73683,-122.39645
9734 - 19 Maywood Dr,19 Maywood Dr  San Francisco 94127,37.73538,-122.46152
9242 - 1901 Franklin St,1901 Franklin St  San Francisco 94109,37.79216,-122.42474
9239 - 1905 Broadway St,1905 Broadway St  San Francisco 94109,37.79478,-122.42887
9509 - 1915 Mcallister St,1915 Mcallister St  San Francisco 94115,37.77702,-122.44361
7206 - 1928 Webster St,1928 Webster St  San Francisco 94115,37.78863,-122.43179
9431 - 1935 32nd Ave,1935 32nd Ave  San Francisco 94116,37.75098,-122.49048
7944 - 194 Park St,194 Park St  San Francisco 94110,37.73639,-122.42118
7319 - 1965 Larkin St,1965 Larkin St  San Francisco 94109,37.79605,-122.42015
7504 - 1975 Post St,1975 Post St  San Francisco 94115,37.78485,-122.43436
7501 - 1975 Post St. (loc 7504),1975 Post St  San Francisco 94115,37.78485,-122.43436
9106 - 199 15th Avenue,199 15th Ave  San Francisco 94118,37.78451,-122.47456
1103 - 2 San Gabriel Avenue,2 San Gabriel Ave  San Francisco 94112,37.72935,-122.438
9252 - 20 Cook St,20 Cook St  San Francisco 94118,37.78342,-122.45225
9453 - 20 Crestlake Drive,20 Crestlake Dr  San Francisco 94132,37.73509,-122.48024
1114 - 200 Onondaga Ave,200 Onondaga Ave  San Francisco 94112,37.72294,-122.44147
9223 - 2001 Union St,2001 Union St  San Francisco 94123,37.79719,-122.43248
9241- 2001 Van Ness Ave,2001 Van Ness Ave  San Francisco 94109,37.79413,-122.42347
7626 - 201 3rd St.,201 3rd St  San Francisco 94103,37.78502,-122.39991
7051 - 201 Leland Ave,201 Leland Ave  San Francisco 94134,37.71243,-122.40792
7030 - 201 Williams Avenue,201 Williams Ave  San Francisco 94124,37.72976,-122.39797
7318 - 2041 Larkin Street,2041 Larkin St  San Francisco 94109,37.79679,-122.42058
7309 - 2041 Larkin St (loc 7318),2041 Larkin St  San Francisco 94109,37.79679,-122.42058
7517 - 2049 Grove St,2049 Grove St  San Francisco 94117,37.77402,-122.45044
9429 - 2051 34th Ave,2051 34th Ave  San Francisco 94116,37.74871,-122.49285
9723 - 207 Skyline Blvd,207 Skyline Blvd  San Francisco 94132,37.72999,-122.50129
9434 - 2074 47th Ave,2074 47th Ave  San Francisco 94116,37.74781,-122.50588
7026 - 2082 Bancroft Ave,2082 Bancroft Ave  San Francisco 94124,37.7309,-122.40171
7869 - 209 Randall Street,209 Randall St  San Francisco 94131,37.73966,-122.42808
7849 - 21 Jersey Street,21 Jersey St  San Francisco 94114,37.75074,-122.42571
9227 - 211 27th Avenue,211 27th Ave  San Francisco 94121,37.78541,-122.48743
7032 - 2111 Jennings St,2111 Jennings St  San Francisco 94124,37.72681,-122.38863
9247 - 2150 California St,2150 California St  San Francisco 94115,37.78966,-122.42991
9713 - 2155 18th Ave,2155 18th Ave  San Francisco 94116,37.74764,-122.47533
9439 - 2162 24th Ave,2162 24th Ave  San Francisco 94116,37.74728,-122.481
9438 - 2162 24th Ave (loc. 9439),2162 24th Ave  San Francisco 94116,37.74728,-122.481
9749 - 218 Granada Avenue,218 Granada Ave  San Francisco 94112,37.72248,-122.45695
9202 - 218 Lincoln Blvd,218 Lincoln Blvd  SF-Presidio 94129,37.80163,-122.45543
7304 - 2190 Powell St,2190 Powell St  San Francisco 94133,37.80446,-122.41138
7614 - 220 Golden Gate Ave,220 Golden Gate Ave  San Francisco 94102,37.78194,-122.41426
9725 - 220 Middlefield Drive,220 Middlefield Dr  San Francisco 94132,37.73048,-122.48546
7311 - 2200 Larkin St,2200 Larkin St  San Francisco 94109,37.79825,-122.42043
9421 - 2201 Lawton St.,2201 Lawton St  San Francisco 94122,37.75755,-122.48651
9717 - 2243 14th Ave,2243 14th Ave  San Francisco 94116,37.74626,-122.47069
7906 -2248 Mission St,2248 Mission St  San Francisco 94110,37.76106,-122.41967
7643 - 225 Berry St,225 Berry St  San Francisco 94158,37.77516,-122.39349
7644 - 225 King Street,225 King St  San Francisco 94107,37.77712,-122.39247
7948 - 225 Pioche Street,225 Pioche St  San Francisco 94134,37.7283,-122.42085
9245 - 2262 California St,2262 California St  San Francisco 94115,37.78947,-122.43168
9437 - 2271 35th Ave,2271 35th Ave  San Francisco 94116,37.74471,-122.49324
9714 - 2290 14th Ave,2290 14th Ave  San Francisco 94116,37.74544,-122.47005
7911 - 2291 Bryant St,2291 Bryant St  San Francisco 94110,37.75794,-122.40936
7907 - 2300 Folsom St,2300 Folsom St  San Francisco 94110,37.76026,-122.41518
9445- 2316 Vicente St,2316 Vicente St  San Francisco 94116,37.7388,-122.49187
9222 - 2320 Green St,2320 Green St  San Francisco 94123,37.79626,-122.4373
9519 - 233 Judah St,233 Judah St  San Francisco 94122,37.76207,-122.46476
9152 - 2335 Golden Gate Ave,2335 Golden Gate Ave  San Francisco 94118,37.77687,-122.44951
9238 - 2340 Jackson St,2340 Jackson St  San Francisco 94115,37.79294,-122.43359
9246 - 2340 Jackson St (loc 9238),2340 Jackson St  San Francisco 94115,37.79294,-122.43359
9447 - 2345 24th Ave,2345 24th Ave  San Francisco 94116,37.74371,-122.48153
9112 - 235 12th Avenue,235 12th Ave  San Francisco 94118,37.78362,-122.47136
7712 - 236 Monterey Blvd,236 Monterey Blvd  San Francisco 94131,37.73192,-122.44082
7711 - 236 Monterey Blvd (loc 7712),236 Monterey Blvd  San Francisco 94131,37.73192,-122.44082
1119 - 24 Josiah Ave,24 Josiah Ave  San Francisco 94112,37.71871,-122.45284
7904 - 240 Shotwell St,240 Shotwell St  San Francisco 94110,37.76457,-122.41657
1113 - 241 Oneida Ave,241 Oneida Ave  San Francisco 94112,37.72163,-122.44295
7203- 2412 Polk St,2412 Polk St  San Francisco 94109,37.79906,-122.4221
7048 - 243 Rey Street,243 Rey St  San Francisco 94134,37.71021,-122.41248
7952 - 2430 San Bruno Avenue,2430 San Bruno Ave  San Francisco 94134,37.73158,-122.40556
9216 - 2444 Greenwich St,2444 Greenwich St  San Francisco 94123,37.79861,-122.44002
7801 - 245 Upper Terrace,245 Upper Ter  San Francisco 94117,37.76278,-122.4451
7001 - 2450 17th St,2450 17th St  San Francisco 94110,37.76474,-122.40823
7202 - 2454 Hyde St,2454 Hyde St  San Francisco 94109,37.80366,-122.41978
7935 - 246 Bocana St,246 Bocana St  San Francisco 94110,37.73984,-122.41847
7609 - 246 Eddy Street,246 Eddy St  San Francisco 94102,37.78431,-122.41184
9448 - 2477 21st Ave,2477 21st Ave  San Francisco 94116,37.74154,-122.47801
9109 - 249 17th Ave (loc 9108),249 17th Ave  San Francisco 94121,37.78332,-122.4766
7652 - 25 Essex St,25 Essex St  San Francisco 94105,37.78633,-122.39529
9232 - 25 Lake St,25 Lake St  San Francisco 94118,37.78671,-122.45981
7808 - 25 Sanchez St,25 Sanchez St  San Francisco 94114,37.76894,-122.43102
9107 - 250 23rd Ave,250 23rd Ave  San Francisco 94121,37.78326,-122.48255
9105 - 250 25th Avenue,250 25th Ave  San Francisco 94121,37.78484,-122.48454
9754 - 250 Foerster St,250 Foerster St  San Francisco 94112,37.7303,-122.44832
9712 - 250 Laguna Honda Blvd,250 Laguna Honda Blvd  San Francisco 94116,37.74979,-122.46083
9108 - 251 18th Ave,251 18th Ave  San Francisco 94121,37.78328,-122.47812
9115 - 251 6th Ave,251 6th Ave  San Francisco 94118,37.78392,-122.46481
9256 - 2520 Bush St (loc 9254),2520 Bush St  San Francisco 94115,37.78656,-122.43934
7541 - 254 Laussat St,254 Laussat St  San Francisco 94117,37.77164,-122.43126
7655 - 255 Fremont St,255 Fremont St  San Francisco 94105,37.7887,-122.39412
9446 - 2550 25th Ave,2550 25th Ave  San Francisco 94116,37.73969,-122.48153
9716 - 2560 18th Avenue,2560 18th Ave  San Francisco 94116,37.74037,-122.47424
7621 - 26 7th Street,26 7th St  San Francisco 94103,37.78001,-122.41228
1144 - 260 Madrid St,260 Madrid St  San Francisco 94112,37.72557,-122.4304
1142 - 260 Madrid St (loc 1144),260 Madrid St  San Francisco 94112,37.72557,-122.4304
7044 - 2600 Arelious Walker Dr,2600 Arelious Walker Dr  San Francisco 94124,37.71885,-122.38523
9449 - 40th Avenue And Vicente,2601 40th Ave  San Francisco 94116,37.73807,-122.49822
9722 - 261 Wawona St,261 Wawona St  San Francisco 94127,37.73892,-122.46886
9441 - 2618 45th Ave,2618 45th Ave  San Francisco 94116,37.7377,-122.50304
9406 - 2625 Lincoln Way,2625 Lincoln Way  San Francisco 94122,37.76484,-122.48631
1141 - 263 Maynard St,263 Maynard St  San Francisco 94112,37.72969,-122.42462
7204 - 2637 Larkin St,2637 Larkin St  San Francisco 94109,37.80221,-122.42171
7835 - 264 Glenview Dr,264 Glenview Dr  San Francisco 94131,37.74816,-122.44564
9255 - 2640 Geary Blvd,2640 Geary Blvd  San Francisco 94118,37.78276,-122.44665
7006 - 2641 25th Street,2641 25th St  San Francisco 94110,37.75143,-122.40478
1117 - 265 Minerva St,265 Minerva St  San Francisco 94112,37.71559,-122.46122
9443 - 2650 42nd Ave,2650 42nd Ave  San Francisco 94116,37.73718,-122.4997
9444 - 2650 42nd Ave (loc 9443),2650 42nd Ave  San Francisco 94116,37.73718,-122.4997
9727 - 2690 Ocean Ave,2690 Ocean Ave  San Francisco 94132,37.73263,-122.47472
9452 - 2695 19th Ave,2695 19th Ave  San Francisco 94116,37.73777,-122.47587
9244 - 2698 California St,2698 California St  San Francisco 94115,37.78849,-122.43863
7631 - 270 6th St,270 6th St  San Francisco 94103,37.7787,-122.40622
7915 - 2700 22nd St,2700 22nd St  San Francisco 94110,37.75625,-122.4087
9451 - 2715 35th Ave,2715 35th Ave  San Francisco 94116,37.7366,-122.49273
9254 - 2725 California St,2725 California St  San Francisco 94115,37.78786,-122.43969
7923- 2730 Bryant St,2730 Bryant St  San Francisco 94110,37.75045,-122.40916
7918 - 2774 Folsom St,2774 Folsom St  San Francisco 94110,37.75286,-122.41447
9149 - 278 Willard North St,278 N Willard St  San Francisco 94118,37.776,-122.45631
9231 - 28 6th Ave,28 6th Ave  San Francisco 94118,37.78805,-122.46453
7926- 28 Mirabel Avenue,28 Mirabel Ave  San Francisco 94110,37.74615,-122.41693
9151 - 281 Masonic Ave,281 Masonic Ave  San Francisco 94118,37.77892,-122.44746
7872 - 2825 Diamond St,2825 Diamond St  San Francisco 94131,37.73396,-122.43369
9436 - 2831 Rivera St,2831 Rivera St  San Francisco 94116,37.74565,-122.49689
9221 - 2835 Broadway St,2835 Broadway St  San Francisco 94115,37.79283,-122.44385
7914 - 2836 22nd St,2836 22nd St  San Francisco 94110,37.7561,-122.41109
7704 - 285 Olympia Way,285 Olympia Way  San Francisco 94131,37.75117,-122.45622
1126 - 2850 Alemany Blvd,2850 Alemany Blvd  San Francisco 94112,37.71267,-122.45212
1121 - 2850 Alemany Blvd (loc 1126),2850 Alemany Blvd  San Francisco 94112,37.71267,-122.45212
9719 - 29 Rockaway Ave,29 Rockaway Ave  San Francisco 94127,37.74323,-122.45676
7867 - 291 Sussex St,291 Sussex St  San Francisco 94131,37.73651,-122.43795
7905 - 2929 19th St,2929 19th St  San Francisco 94110,37.76012,-122.41136
9237 - 2938 Washington St,2938 Washington St  San Francisco 94115,37.79092,-122.44191
7864 - 295 Day St,295 Day St  San Francisco 94131,37.74257,-122.42853
7002 - 299 Vermont Street,299 Vermont St  San Francisco 94103,37.76619,-122.40438
7023 - 3 Carpenter Ct,3 Carpenter Ct  San Francisco 94124,37.73459,-122.38537
7929 - 30 Coleridge St,30 Coleridge St  San Francisco 94110,37.74548,-122.4188
9742 - 300 Stonecrest Drive,300 Stonecrest Dr  San Francisco 94132,37.72509,-122.47412
9214 - 3002 Baker St,3002 Baker St  San Francisco 94123,37.79881,-122.44581
9218 - 3020 Laguna St,3020 Laguna St  San Francisco 94123,37.7992,-122.4306
9404 - 3030 Judah St,3030 Judah St  San Francisco 94122,37.76118,-122.49488
9435 - 3045 Santiago St,3045 Santiago St  San Francisco 94116,37.74365,-122.49983
7537 - 305 Scott St,305 Scott St  San Francisco 94117,37.77259,-122.43588
7922 - 3059 25th St,3059 25th St  San Francisco 94110,37.75085,-122.41111
7947 - 311 Gaven St,311 Gaven St  San Francisco 94134,37.73236,-122.4114
7927 - 3125 Cesar Chavez St,3125 Cesar Chavez St  San Francisco 94110,37.74777,-122.41186
7921 - 3128 Kamille Court,3128 Kamille Ct  San Francisco 94110,37.74908,-122.41202
7912 - 3134 22nd St,3134 22nd St  San Francisco 94110,37.75577,-122.41736
9243 - 3150 Sacramento St,3150 Sacramento St  San Francisco 94115,37.78889,-122.44487
9217 - 3150 Steiner St (loc 9216),3150 Steiner St  San Francisco 94123,37.79858,-122.43729
9236 - 3150 Washington St,3150 Washington St  San Francisco 94115,37.79032,-122.4454
9215 - 3155 Scott St,3155 Scott St  San Francisco 94123,37.79901,-122.44115
9736 - 32 Burlwood St,32 Burlwood Dr  San Francisco 94127,37.73478,-122.45462
9729- 32 San Jacinto Way,32 San Jacinto Way  San Francisco 94127,37.73484,-122.46351
9234 - 3200 California St (loc 9253),3200 California St  San Francisco 94118,37.78737,-122.4474
9211 - 3201 Baker St (loc 9206),3201 Baker St  San Francisco 94123,37.80059,-122.44661
7549 - 321 Carl St,321 Carl St  San Francisco 94117,37.765,-122.45488
9718 - 321 Taraval St,321 Taraval St  San Francisco 94116,37.7431,-122.46952
9235 - 3220 Sacramento St,3220 Sacramento St  San Francisco 94115,37.78853,-122.44597
9425 - 3223 Ortega St,3223 Ortega St  San Francisco 94122,37.7512,-122.4981
9418 - 3240 Lawton St,3240 Lawton St  San Francisco 94122,37.7572,-122.49789
9139 - 3245 Cabrillo St,3245 Cabrillo St  San Francisco 94121,37.77387,-122.49369
1149- 325 La Grande Ave (loc 1151),325 La Grande Ave  San Francisco 94112,37.71949,-122.42528
7917 - 3261 23rd Street,3261 23rd St  San Francisco 94110,37.75366,-122.41775
7708 - 33 Bella Vista Way,33 Bella Vista Way  San Francisco 94127,37.73773,-122.44739
7605 - 330 Ellis St,330 Ellis St  San Francisco 94102,37.78523,-122.41146
7527/28 - 333 Baker St,333 Baker St  San Francisco 94117,37.77385,-122.44161
7349 - 333 Bush St,333 Bush St  San Francisco 94104,37.79064,-122.40306
7532 - 333 Fell St,333 Fell St  San Francisco 94102,37.77558,-122.42348
7052 - 333 Tunnel Ave,333 Tunnel Ave  San Francisco 94134,37.71042,-122.4009
7919 - 3359 26th St,3359 26th St  San Francisco 94110,37.74876,-122.41728
9253 - 3365 Sacramento St,3365 Sacramento St  San Francisco 94118,37.78789,-122.44797
9116 - 345 Arguello Blvd,345 Arguello Blvd  San Francisco 94118,37.78422,-122.45951
1116 - 345 Randolph Street,345 Randolph St  San Francisco 94132,37.71415,-122.46599
7934 - 3469 Mission St,3469 Mission St  San Francisco 94110,37.74134,-122.42249
9114 - 350 10th Ave,350 10th Ave  San Francisco 94118,37.7818,-122.46864
9739 - 350 Arballo Dr,350 Arballo Dr  San Francisco 94132,37.72024,-122.48356
7317 - 350 Broadway Street,350 Broadway St  San Francisco 94133,37.79858,-122.40315
7956 - 350 Girard Street,350 Girard St  San Francisco 94134,37.72775,-122.40536
9507 - 350 Masonic Ave,350 Masonic Ave  San Francisco 94118,37.77801,-122.44606
9208 - 3500 Fillmore St,3500 Fillmore St  San Francisco 94123,37.80174,-122.43612
9207 - 3500 Fillmore St (loc 9208),3500 Fillmore St  San Francisco 94123,37.80174,-122.43612
7817 - 3527 16th St,3527 16th St  San Francisco 94114,37.76415,-122.4315
7841 - 3531 22nd St,3531 22nd St  San Francisco 94114,37.75443,-122.42602
7842 - 3531 22nd St (loc 7841),3531 22nd St  San Francisco 94114,37.75443,-122.42602
7844 - 3549 23rd Street,3549 23rd St  San Francisco 94110,37.7534,-122.42242
7042 - 3560 San Bruno Ave,3560 San Bruno Ave  San Francisco 94134,37.71706,-122.40007
7847 - 358 Jersey St,358 Jersey St  San Francisco 94114,37.75072,-122.43314
7834 - 3590 19th St.,3590 19th St  San Francisco 94110,37.76021,-122.42345
9442 - 3595 Taraval St,3595 Taraval St  San Francisco 94116,37.74157,-122.5043
7636 - 36 Bluxome Street,36 Bluxome St  San Francisco 94107,37.77729,-122.39679
7903 - 36 Hoff St,36 Hoff St  San Francisco 94110,37.76473,-122.42076
9111 - 360 18th Avenue,360 18th Ave  San Francisco 94121,37.78122,-122.47706
9424 - 3601 Noriega St,3601 Noriega St  San Francisco 94122,37.75286,-122.50253
9756 - 3609 Alemany Blvd,3609 Alemany Blvd  San Francisco 94132,37.71148,-122.46461
7953 - 363 Princeton St,363 Princeton St  San Francisco 94134,37.7252,-122.41477
9206 - 3630 Divisadero St,3630 Divisadero St  San Francisco 94123,37.80339,-122.44341
9209 - 3632 Fillmore St,3632 Fillmore St  San Francisco 94123,37.80333,-122.43644
7707 - 366 Marietta Dr,366 Marietta Dr  San Francisco 94127,37.73917,-122.44422
7802 - 366 Roosevelt Way,366 Roosevelt Way  San Francisco 94114,37.76546,-122.44267
9416 - 3733 Lawton St,3733 Lawton St  San Francisco 94122,37.75661,-122.50305
9102 - 3749 Clement St,3749 Clement St  San Francisco 94121,37.78121,-122.49959
7638 - 375 Beale St,375 Beale St  San Francisco 94105,37.78793,-122.39153
7825 - 3750 18th St,3750 18th St  San Francisco 94114,37.76175,-122.42717
7839 - 3753 21st St,3753 21st St  San Francisco 94114,37.75607,-122.43134
9204 - 3760 Webster St,3760 Webster St  San Francisco 94123,37.80573,-122.43534
7613 - 378 Golden Gate Ave,378 Golden Gate Ave  San Francisco 94102,37.78179,-122.41689
9229 - 38 20th Ave,38 20th Ave  San Francisco 94121,37.78664,-122.47961
7803 - 38 Ord St,38 Ord St  San Francisco 94114,37.76312,-122.44036
7608 - 380 Eddy Street,380 Eddy St  San Francisco 94102,37.78403,-122.41401
7542 - 380 Webster St,380 Webster St  San Francisco 94117,37.77379,-122.42881
9715 - 381 Magellan Ave,381 Magellan Ave  San Francisco 94116,37.74457,-122.46354
9233- 3820 Washington St,3820 Washington St  San Francisco 94118,37.78896,-122.45634
7824 - 3850 18th St,3850 18th St  San Francisco 94114,37.76135,-122.42959
7856 - 3880 26th St,3880 26th St  San Francisco 94131,37.74881,-122.42651
7823 - 3887 17th St,3887 17th St  San Francisco 94114,37.76254,-122.43261
1134 - 39 Naylor St,39 Naylor St  San Francisco 94112,37.71107,-122.43355
9726- 390 Buckingham Way,390 Buckingham Way  San Francisco 94132,37.72782,-122.47896
9737 - 390 Melrose Ave,390 Melrose Ave  San Francisco 94127,37.73393,-122.45121
7814 - 390 Valencia St,390 Valencia St  San Francisco 94103,37.76667,-122.42226
9423 - 3925 Noriega Street,3925 Noriega St  San Francisco 94122,37.7527,-122.50585
7831 - 395 Collingwood St,395 Collingwood St  San Francisco 94114,37.75624,-122.43551
7815 - 40 Danvers St,40 Danvers St  San Francisco 94114,37.7608,-122.44387
9258 - 40 Vega St,40 Vega St  San Francisco 94115,37.78029,-122.44628
1107 - 400 Sargent St (loc 1116),400 Sargent St  San Francisco 94132,37.71638,-122.46716
7543 - 403 Rose St,403 Rose St  San Francisco 94102,37.77289,-122.42753
7832 - 4046 20th St,4046 20th St  San Francisco 94114,37.75811,-122.43139
7025 - 410 Hawes Street,410 Hawes St  San Francisco 94124,37.73342,-122.37772
7854 - 4132 26th St,4132 26th St  San Francisco 94131,37.74842,-122.4324
7861 - 422 Day St,422 Day St  San Francisco 94131,37.74283,-122.43171
9411 - 4242 Lawton St,4242 Lawton St  San Francisco 94122,37.75675,-122.5085
7637 - 425 1st Street,425 1st St  San Francisco 94105,37.78571,-122.3922
7866 - 43 Ora Way,43 Ora Way  San Francisco 94131,37.74146,-122.43763
7955 - 430 Somerset St,430 Somerset St  San Francisco 94134,37.72606,-122.40756
7022 - 4301 3rd St,4301 3rd St  San Francisco 94124,37.73834,-122.38907
9129 - 4301 Geary Blvd,4301 Geary Blvd  San Francisco 94118,37.78066,-122.46554
1123 - 431 Capitol Ave,431 Capitol Ave  San Francisco 94112,37.7146,-122.45964
7845 - 4323 23rd St,4323 23rd St  San Francisco 94114,37.75242,-122.43947
1111 - 437 Holloway Ave,437 Holloway Ave  San Francisco 94112,37.72165,-122.45785
1147 - 437 Lisbon St,437 Lisbon St  San Francisco 94112,37.72133,-122.43384
7617 - 44 Mcallister St,44 Mcallister St  San Francisco 94102,37.78123,-122.41295
7651 - 44 Tehama St,44 Tehama St  San Francisco 94105,37.78764,-122.39673
9128 - 441 12th Ave,441 12th Ave  San Francisco 94118,37.77988,-122.47092
1115 - 446 Randolph St,446 Randolph St  San Francisco 94132,37.7145,-122.46685
7018 - 45 Conkling Street,45 Conkling St  San Francisco 94124,37.73614,-122.40182
9103 - 450 30th Ave,450 30th Ave  San Francisco 94121,37.78127,-122.48984
9131 - 450 7th Ave,450 7th Ave  San Francisco 94118,37.77997,-122.4653
7818 - 450 Church St,450 Church St  San Francisco 94114,37.76366,-122.42907
7819 - 450 Guerrero St,450 Guerrero St  San Francisco 94110,37.76384,-122.42429
7348 - 450 Sutter Street,450 Sutter St  San Francisco 94108,37.7897,-122.40784
7846 - 451 Jersey St,451 Jersey St  San Francisco 94114,37.75027,-122.43509
7301 - 455 Bay St,455 Bay St  San Francisco 94133,37.8054,-122.41439
7805 - 46 Beaver St,46 Beaver St  San Francisco 94114,37.76523,-122.43428
9249 - 460 Arguello Blvd,460 Arguello Blvd  San Francisco 94118,37.78226,-122.45862
7515 - 460 Fulton St,460 Fulton St  San Francisco 94102,37.77861,-122.42472
7809 - 462 Duboce Ave,462 Duboce Ave  San Francisco 94117,37.76949,-122.43076
9113 - 4620 California St,4620 California St  San Francisco 94118,37.78498,-122.46722
9104 - 463 28th Ave,463 28th Ave  San Francisco 94121,37.7807,-122.48822
7008 - 465 Missouri St,465 Missouri St  San Francisco 94107,37.76025,-122.39612
1127 - 483 Ellington Ave,483 Ellington Ave  San Francisco 94112,37.71116,-122.44789
9125 - 484 21st Ave,484 21st Ave  San Francisco 94121,37.77872,-122.48018
1133 - 494 Pope St,494 Pope St  San Francisco 94112,37.70841,-122.44063
9117 - 499 41st Ave,499 41st Ave  San Francisco 94121,37.77944,-122.50269
7029 - 5 Commer Ct,5 Commer Ct  San Francisco 94124,37.73227,-122.38482
9743 - 50 Chumasero Drive,50 Chumasero Dr  San Francisco 94132,37.71422,-122.47272
9753 - 50 Frida Kahlo Way,50 Frida Kahlo Way  San Francisco 94112,37.72585,-122.4508
7027 - 50 Pomona St,50 Pomona St  San Francisco 94124,37.73176,-122.3939
7806 - 50 Scott St,50 Scott St  San Francisco 94117,37.76961,-122.43468
7702 - 500 Clarendon Avenue,500 Clarendon Ave  San Francisco 94131,37.75339,-122.45641
7828 - 500 Corbett Ave,500 Corbett Ave  San Francisco 94114,37.75758,-122.44473
7939 - 500 Cortland Ave,500 Cortland Ave  San Francisco 94110,37.73886,-122.41613
7003 - 500 De Haro Street,500 De Haro St  San Francisco 94107,37.76328,-122.40173
7951 - 500 Felton Street,500 Felton St  San Francisco 94134,37.72906,-122.40973
7045 - 500 Raymond Avenue,500 Raymond Ave  San Francisco 94134,37.71554,-122.41359
7641 - 501 3rd St,501 3rd St  San Francisco 94107,37.78129,-122.39544
1146 - 5051 Mission St,5051 Mission St  San Francisco 94112,37.7177,-122.43978
9251 - 51 Commonwealth Ave,51 Commonwealth Ave  San Francisco 94118,37.78506,-122.45606
9228 - 511 El Camino Del Mar,511 El Camino Del Mar  San Francisco 94121,37.78748,-122.4888
7931 - 514 Peralta Ave,514 Peralta Ave  San Francisco 94110,37.74418,-122.40884
7928 - 514 Precita Ave,514 Precita Ave  San Francisco 94110,37.74708,-122.41026
7936 - 515 Cortland Ave,515 Cortland Ave  San Francisco 94110,37.73923,-122.41618
7852 - 5157 Diamond Heights Blvd,5157 Diamond Heights Blvd  San Francisco 94131,37.74698,-122.43996
7604 - 516 Ofarrell St,516 Ofarrell St  San Francisco 94102,37.7859,-122.41338
1128 - 5228 Mission St,5228 Mission St  San Francisco 94112,37.71543,-122.44212
7011 - 524 Connecticut St (loc 7008),524 Connecticut St  San Francisco 94107,37.759,-122.39741
9752 - 526 Flood Ave,526 Flood Ave  San Francisco 94112,37.73004,-122.45182
7329 - 530 Sansome St,530 Sansome St  San Francisco 94111,37.79555,-122.40141
9707 - 540 Ortega St,540 Ortega St  San Francisco 94122,37.75434,-122.46859
9127 - 542 16th Ave,542 16th Ave  San Francisco 94118,37.7778,-122.47469
1148 - 542 Moscow St,542 Moscow St  San Francisco 94112,37.7191,-122.42951
9118 - 550 37th Ave,550 37th Ave  San Francisco 94121,37.7786,-122.49727
7347 - 550 Geary Blvd,550 Geary St  San Francisco 94102,37.78699,-122.41254
9123 - 551 26th Ave,551 26th Ave  San Francisco 94121,37.77901,-122.48595
7607- 555 Ellis St,555 Ellis St  San Francisco 94109,37.78428,-122.41549
9132 - 560 4th Ave,560 4th Ave  San Francisco 94118,37.77813,-122.4617
7945 - 560 Alemany Blvd,560 Alemany Blvd  San Francisco 94110,37.7325,-122.4178
9121 - 561 34th Ave,561 34th Ave  San Francisco 94121,37.77851,-122.49444
7908 - 580 Capp St,580 Capp St  San Francisco 94110,37.75746,-122.41816
1108 - 583 Victoria Street,583 Victoria St  San Francisco 94132,37.72125,-122.46568
7863 - 59 28th St,59 28th St  San Francisco 94110,37.74536,-122.42347
7642 - 600 The Embarcadero,600 The Embarcadero  San Francisco 94107,37.78431,-122.38854
9122 - 30th Avenue At Anza Street,601 30th Ave  San Francisco 94121,37.77768,-122.4906
7516 - 601 Van Ness Ave,601 Van Ness Ave  San Francisco 94102,37.78137,-122.42153
7525 - 608 Hayes St,608 Hayes St  San Francisco 94102,37.77661,-122.42662
9138 - 6101 Fulton St,6101 Fulton St  San Francisco 94121,37.77163,-122.49699
7941 - 612 Moultrie St,612 Moultrie St  San Francisco 94110,37.73697,-122.41617
7635 - 615 7th Street,615 7th St  San Francisco 94103,37.77301,-122.40253
1104/05 - 62 Santa Rosa Avenue,62 Santa Rosa Ave  San Francisco 94112,37.72647,-122.43525
9137 - 6220 Fulton St,6220 Fulton St  San Francisco 94121,37.77213,-122.4986
7526 - 624 Laguna St,624 Laguna St  San Francisco 94102,37.77708,-122.42618
7838 - 625 Douglass St,625 Douglass St  San Francisco 94114,37.7535,-122.4385
9143 - 626 20th Ave,626 20th Ave  San Francisco 94121,37.776,-122.4789
7612 - 627 Turk St,627 Turk St  San Francisco 94102,37.78178,-122.41974
7539 - 628 Haight St,628 Haight St  San Francisco 94117,37.77206,-122.43303
7827 - 630 Valencia Street,630 Valencia St  San Francisco 94110,37.76285,-122.422
9145 - 632 11th Ave,632 11th Ave  San Francisco 94118,37.7763,-122.46909
7531 - 634 Oak St,634 Oak St  San Francisco 94117,37.77424,-122.4299
1106 - 65 Beverly St,65 Beverly St  San Francisco 94132,37.71739,-122.47182
7865 - 65 Chenery St,65 Chenery St  San Francisco 94131,37.74026,-122.42527
7829 - 65 Grand View Ave,65 Grand View Ave  San Francisco 94114,37.75693,-122.44044
1118 - 650 Capitol Ave,650 Capitol Ave  San Francisco 94112,37.71575,-122.45735
7606 - 650 Eddy St,650 Eddy St  San Francisco 94109,37.78347,-122.41863
9147 - 651 6th Avenue,651 6th Ave  San Francisco 94118,37.77617,-122.46432
7307 - 651 Lombard Street,651 Lombard St  San Francisco 94133,37.80275,-122.41235
7013 - 654 Minnesota St,654 Minnesota St  San Francisco 94107,37.76198,-122.39106
7004 - 655 De Haro Street,655 De Haro St  San Francisco 94107,37.76172,-122.40062
7047 - 66 Raymond Ave (loc 7051),66 Raymond Ave  San Francisco 94134,37.71248,-122.40445
7602 - 666 Ellis St,666 Ellis St  San Francisco 94109,37.78452,-122.41728
1131 - 666 Morse St,666 Morse St  San Francisco 94112,37.71138,-122.44563
9721 - 678 Portola Drive,678 Portola Dr  San Francisco 94127,37.74511,-122.45331
7875 - 68 Park St,68 Park St  San Francisco 94110,37.73668,-122.42497
9126 - 680 18th Avenue,680 18th Ave  San Francisco 94121,37.77525,-122.47652
7709 - 682 Monterey Blvd,682 Monterey Blvd  San Francisco 94127,37.73173,-122.45073
7932 - 685 Peralta Ave,685 Peralta Ave  San Francisco 94110,37.74158,-122.40872
9119 - 687 40th Ave,687 40th Ave  San Francisco 94121,37.77584,-122.50074
7639 - 698 2nd St,698 2nd St  San Francisco 94107,37.78051,-122.3912
7544 - 7 Octavia St,7 Octavia St  San Francisco 94102,37.77214,-122.42385
7039 - 70 Delta St,70 Delta St  San Francisco 94134,37.71853,-122.40735
9148 - 700 3rd Ave,700 3rd Ave  San Francisco 94118,37.7754,-122.46041
7012 - 700 Pennsylvania Ave,700 Pennsylvania Ave  San Francisco 94107,37.757,-122.39345
9146 - 701 8th Avenue,701 8th Ave  San Francisco 94118,37.77513,-122.46624
7657 - 701 China Basin St,701 China Basin St  San Francisco 94158,37.7717,-122.39333
7625 - 701 Mission St,701 Mission St  San Francisco 94103,37.78564,-122.40219
7049 - 701 Sunnydale Ave,701 Sunnydale Ave  San Francisco 94134,37.70946,-122.40949
7833 - 708 Guerrero St.,708 Guerrero St  San Francisco 94110,37.75974,-122.42392
7521 - 710 Masonic Ave,708 Masonic Ave  San Francisco 94117,37.77471,-122.44598
7813 - 71 Landers St,71 Landers St  San Francisco 94114,37.76669,-122.42754
7522 - 715 Scott St,715 Scott St  San Francisco 94117,37.77661,-122.43672
1153 - 720 Moscow Street,720 Moscow St  San Francisco 94112,37.71634,-122.43169
1122 - 721 Delano Ave,721 Delano Ave  San Francisco 94112,37.71976,-122.44512
7546 - 728 Cole St,728 Cole St  San Francisco 94117,37.76775,-122.45013
7035 - 729 Kirkwood Ave,729 Kirkwood Ave  San Francisco 94124,37.72888,-122.37402
9702 - 731 Judah St,731 Judah St  San Francisco 94122,37.76181,-122.4699
9136 - 734 46th Ave,734 46th Ave  San Francisco 94121,37.77458,-122.50662
9142 - 735 24th Ave,735 24th Ave  San Francisco 94121,37.77568,-122.48378
9124 - 735 24th Ave (loc 9142),735 24th Ave  San Francisco 94121,37.77568,-122.48378
9134 - 740 Anza St,740 Anza St  San Francisco 94118,37.78036,-122.45464
7909 - 745 Treat Ave,745 Treat Ave  San Francisco 94110,37.75821,-122.41298
7036 - 745 Velasco Ave,745 Velasco Ave  San Francisco 94134,37.70974,-122.41911
7634 - 747 Folsom St,747 Folsom St  San Francisco 94107,37.78273,-122.40009
9744 - 750 Gonzalez Dr,750 Gonzalez Dr  San Francisco 94132,37.71776,-122.48118
1129 - 755 Morse St,755 Morse St  San Francisco 94112,37.71033,-122.44664
7306 - 756 Union St,756 Union St  San Francisco 94133,37.80033,-122.4118
7649 - 758 Natoma St,758 Natoma St  San Francisco 94103,37.776,-122.41321
7338 - 777 Stockton Street,777 Stockton St  San Francisco 94108,37.79282,-122.40784
San Francisco State University,798 State Dr  San Francisco 94132,37.72397,-122.48247
1125 - 8 Capitol Ave,8 Capitol Ave  San Francisco 94112,37.71088,-122.45863
7701 - 8 Locksley Ave,8 Locksley Ave  San Francisco 94122,37.75919,-122.46296
7868 - 80 Digby Street,80 Digby St  San Francisco 94131,37.74028,-122.43337
7957 - 801 University St.,801 University St  San Francisco 94134,37.7202,-122.4113
7328 - 808 Kearny St,808 Kearny St  San Francisco 94108,37.7956,-122.40472
7946 - 810 Silver Ave,810 Silver Ave  San Francisco 94134,37.72856,-122.41899
7913 - 825 Shotwell St,825 Shotwell St  San Francisco 94110,37.75483,-122.41505
7853 - 829 Duncan St,829 Duncan St  San Francisco 94131,37.74531,-122.43866
9135 - 837 47th Ave,837 47th Ave  San Francisco 94121,37.77262,-122.50804
9724 - 84 Middlefield Dr,84 Middlefield Dr  San Francisco 94132,37.73263,-122.48603
7313 - 840 Broadway St,840 Broadway St  San Francisco 94133,37.79747,-122.41131
7647 - 850 Ave I  Bldg 497,850 Avenue I  SF-Treasure Island 94130,37.82732,-122.36871
9512 - 850 Broderick St,850 Broderick St  San Francisco 94115,37.77832,-122.44002
7303 - 850 Columbus Ave - (loc 7307),850 Columbus Ave  San Francisco 94133,37.80258,-122.41327
9141 - 855 27th Ave,855 27th Ave  San Francisco 94121,37.77356,-122.4869
1135 - 859 Prague St,859 Prague St  San Francisco 94112,37.71036,-122.43417
7836 - 885 Corbett Ave,885 Corbett Ave  San Francisco 94131,37.75267,-122.44356
7034 - 90 Kiska Road,90 Kiska Rd  San Francisco 94124,37.73091,-122.37887
7014 - 904 22nd St,904 22nd St  San Francisco 94107,37.75807,-122.39058
1102 - 91 Delano Ave,91 Delano Ave  San Francisco 94112,37.72649,-122.44014
7524 - 926 Fillmore Street,926 Fillmore St  San Francisco 94117,37.77806,-122.43142
7632 - 934 Brannan St,934 Brannan St  San Francisco 94103,37.77118,-122.40663
7843 - 938 Valencia St,938 Valencia St  San Francisco 94110,37.75782,-122.42149
7603 - 939 Post St (loc 7602),939 Post St  San Francisco 94109,37.78693,-122.4173
7826 - 95 Dorland Street,95 Dorland St  San Francisco 94110,37.7622,-122.42583
7943 - 95 Justin Drive,95 Justin Dr  San Francisco 94112,37.73428,-122.42171
1145 - 950 Avalon Ave,950 Avalon Ave  San Francisco 94112,37.72449,-122.42421
7327 - 950 Clay St,950 Clay St  San Francisco 94108,37.79457,-122.40889
7007 - 953 De Haro St,953 De Haro St  San Francisco 94107,37.75832,-122.40067
7851 - 96 Turquoise Way,96 Turquoise Way  San Francisco 94131,37.74326,-122.44462
7705 - 99 Saint Germain Ave,99 Saint Germain Ave  San Francisco 94114,37.7573,-122.45015
7848 - 990 Church St,990 Church St  San Francisco 94114,37.75527,-122.42805
1136 - 990 Rolph St,990 Rolph St  San Francisco 94112,37.71045,-122.42748
7656 - Pier 24 - Embarcadero,Pier 24  San Francisco 94105,37.78913,-122.38773
7645 - Pier 40 A - the Embarcadero,Pier 40A  San Francisco 94107,37.77999,-122.38855
